{
  "accuracy": {
    "without": 0.6786799826313504,
    "with_adapter": 0.7125488493269648
  },
  "avg_time": {
    "without": 0.023333971778879567,
    "with_adapter": 0.024401220507172465
  }
}